what is the color of the bench, brown.,0
what log sitting next to the wooden bench, tree.,0
what does dining feature both chairs and a bench, room.,0
what is buried in the large amount of snow, bench.,0
what is sitting next to two wooden benches, booth.,0
what is next to the pond with green grass all around, bench,,0
what is the color of the bench, blue.,0
what is sitting in front of a hotel, bench.,0
what cross the river , and a park bench sit near by, bridge.,0
what park against the bench near the water, bicycles.,0
what is facing the water on a rainy day, bench.,0
how many people on a bench , one of whom have a umbrella, two.,0
what placed in the grass between two hedges, bench.,0
what is sleeping behind the wooden bench, dog.,0
what be old and sit outside with flower, bench.,0
what be the color of the bench, blue.,0
what sit outside the shop display plush toy, bench,.,0
what sit next to the log bench and post message, motorcycle.,0
what be on the grass in front of a bench, bicycle.,0
what be perch on the park bench, pigeon.,0
what sit in the grass next to the ocean, bench.,0
what do snow cover with write sit in the middle of deep snow, bench.,0
what be cover in snow in the wood, bench.,0
what be face the water front with flower behind they, benches.,0
what next to tree and be overlook the water, bench.,0
two white dog wear what lay on a bench and one on the ground, one.,0
what be sit on the bench outside, puppy.,0
what sit in the middle of the plant, bench.,0
what be situate near the street, bench.,0
what be stand on the wooden bench, cat.,0
what sit outside in the sun, bench.,0
the bench in a long cement what, hallway.,0
the young girl hold what sit on a bench, umbrella.,0
what be there sit on a bench reading, statue.,0
what be sit in the middle of a forest, bench.,0
the woman wearing what sitting on a wooden bench with her legs crossed, glasses.,0
what line up along the pathway in front of tree, benches.,0
the yellow and black fire hydrant what a person and a tree, bench.,0
what covered with high snow on the ground, bench.,0
what do the traveler sit o with he luggage, bench.,0
what be the color of the bench, white.,0
what leaf on it, bench.,0
what stand underneath the wooden bench, bird.,0
what sit next to one another, benches.,0
what be the color of the bench, black.,0
what surround by tree tress and potted plant, bench.,0
what be pose on the bench, bear.,0
what be in the garden type setting, benches.,0
what be attach to a ordinary style bench, frisbees,0
what sit next to the river, bench.,0
what lay on the bench next to a trash bag, dog.,0
what sit in front of a pond, bench.,0
what be the color of the bench, red.,0
what grazing some grass next to some picnic bench, horse.,0
what sit on the side walk, bench.,0
what lean on the bench in a park, bicycle.,0
what monitor on the bench two power on, computer.,0
what split into seat at a grassy park, bench,0
what sit vacant in the city square, bench.,0
what be sit on leaf in the wood on a cloudy day, bench,0
what walk near the woman on the bench use a cell phone, bird.,0
what be beside the street opposite a park car, bench.,0
what be the color of the bench, green.,0
how many girl be sit on a bench near a ocean, three.,0
what really close to a tree next to a body of water, bench.,0
what sit by the water at sunset, bench.,0
what be the color of the bench, yellow.,0
what be the focal point on this long street, bench.,0
what be all speckled dirty white, bench.,0
what be sit in a woody area, bench.,0
what sit in front of a fence, bench.,0
how many girl be sit on the bench outside, two.,0
what be sit on the platform next to the water, bench.,0
what be next to the wooden small bench, cat.,0
what do the snow cover in a park during winter, bench.,0
what dress sweater and seat on a bench be on display, bears.,0
what sit in the sand of a beach, bench.,0
what do graffiti cover near a tree in a forest, bench.,0
what sit on the green bench, suitcase.,0
what be face the lake and very lush foliage, bench.,0
how many young man be sit on a bench with four skateboard, four.,0
how many smile people be sit on a bench indoors, four.,0
what be sit on a park bench in a grassy field, birds.,0
what be sit by some tree, bench.,0
what very well make on near the bush, bench.,0
what train passing by the platform with a bench, subway.,0
what sit on opposite end of a park bench, birds.,0
the car gingerly walk around what, bench.,0
what a wall behind a cobblestone path, bench.,0
how many man be sit backwards on a bench outdoors, four.,0
park what to the field in winter, bench.,0
what be sit under the tree in a park, bench.,0
what be face the garden like area, bench.,0
where be many table and bench sit, room.,0
the baby blue how many speed bicycle lean against a bench, ten.,0
what sit in the middle of a field, bench.,0
what be the good place to rest, bench.,0
the man wear what with city on it and a red hat be sit on a bench, shirt.,0
what sit in the lush garden, bench.,0
what be the series of photo show the creation of a hand carve from a large wooden tree log, bench.,0
what feature the bench build around a tree, scene.,0
what do there be two people that be sit on, bench.,0
what sit on the dry mountain side, bench.,0
what be perch up on the bench, bird.,0
what make of branch under a old vine arbor in a formal garden, bench.,0
what be the color of the bench, brown.,0
what be the color of the bench, gray.,0
what walk past the bench near a road, cows.,0
how many people do the park bench have sit on it under a large tree, four.,0
long garden bench line walk what, trail.,0
how many bag of luggage sit next to wooden bench, five.,0
what be load with luggage at a station while a attendant sit on a bench, cart.,0
what do the green bench on the side of a pine needle cover through the forest, road.,0
what be sit on a field of grass, bench.,0
what sit in the park, bench.,0
what sit near the bench on a field in front of a lake, bicycle.,0
what resting in the large weed field, bench.,0
park what sit alongside a building wall, bench.,0
what be sit on a bench in a city park, dog.,0
what be cover in snow, bench.,0
what be sit on the bench in front of the bush, cat.,0
what sit on the ledge above a small computer on a bench, box.,0
what be the pair of woman sit on a bench as one hold, umbrella.,0
what left beside the bench at the water 's edge on a sunny day, bicycle.,0
where do boy skate board off cement bench, building.,0
how many people be sit on a park bench wave at camera, three.,0
what do the woman in a blue dress watch from a rustic log bench, bird.,0
what arrange in the wooded area, benche.,0
what be look at a garden of flower, bench.,0
what be people ride on a sidewalk near a bench, bicycle.,0
how many sleepy cat be lay on a park bench, one.,0
what stand near the wooden bench, cow.,0
what place under tree in the wood, bench.,0
what sit in front of the shore at the beach, bench.,0
how many people be sit on the bench look over the water, two.,0
what sit in front of several brightly color chair, bench.,0
where be dark grey cat lay down, bench.,0
what be sit on the wood bench, box.,0
where be empty bench and table line up, building.,0
what be the color of the bench, red.,0
what mount high up on the mountain, bench.,0
what be the color of the bench, red.,0
what be place to see the good view of a beach, bench.,0
what be the color of the bench, white.,0
what lean against the bench at sunset, bicycle.,0
what sit on the bench at a park at night, statues.,0
how many older woman sit on the bench and do crossword puzzle, two.,0
what be sit under the tree in the grass, bench.,0
what be seat on top of a bench in the park, bird.,0
what be there sit on someone front porch, bench.,0
how many people be there sit on bench outside of a building, six.,,0
the woman use what be sit on a bench, cellphone.,0
what sit near brick stairway and white wall, bench.,0
what be sit on the park bench, bird.,0
what positioned at the edge of a lake, benches.,0
what next to two bike with helmet attach, bench.,0
what covered in crochet and knit piece, bench.,0
what colorful layer of worn paint, bench.,0
what be sit on a grass cover lawn, bench.,0
what do the boardwalk with a bench and bike overlook, ocean.,0
what sit park beside the bench and flower, motorcycle.,0
what sit upon the gravel area in a park, bench.,0
what do the photo of a snow cover with tree in the background, bench.,0
what be on the curb side of a grassy area, bench.,0
what be on the side of a hill near tree, bench.,0
